user_id,trade_id,trade_date,ticker,outcome_win,outcome_loss,outcome_breakeven,large_win,large_loss,revenge_immediate,size_inconsistency,follow_through_win_immediate,disciplined_after_loss_immediate,consistent_size
demo_user,1,2024-10-09,AAPL,0.0,0.9,0.0,0.0,0.85,0.0,0.0,0.0,0.0,0.0
demo_user,2,2024-10-09,MSFT,0.0,0.9,0.0,0.0,0.0,0.75,0.0,0.0,0.8,0.6
demo_user,3,2024-10-09,MSFT,0.0,0.9,0.0,0.0,0.85,0.9,0.0,0.0,0.0,0.0
demo_user,4,2024-10-17,AAPL,0.0,0.9,0.0,0.0,0.0,0.0,0.0,0.0,0.0,0.0
demo_user,5,2024-10-17,AAPL,0.9,0.0,0.0,0.0,0.0,0.9,0.0,0.0,0.8,0.6
demo_user,6,2024-10-17,AAPL,0.9,0.0,0.0,0.0,0.0,0.0,0.0,0.85,0.0,0.0
demo_user,7,2024-10-17,MSFT,0.0,0.9,0.0,0.0,0.0,0.0,0.0,0.7,0.0,0.0
demo_user,8,2024-10-17,MSFT,0.0,0.9,0.0,0.0,0.85,0.9,0.0,0.0,0.0,0.0
demo_user,9,2024-10-17,MSFT,0.0,0.9,0.0,0.0,0.0,0.9,0.0,0.0,0.0,0.0
demo_user,10,2024-10-21,AMZN,0.0,0.9,0.0,0.0,0.0,0.0,0.0,0.0,0.0,0.6
demo_user,11,2024-10-21,META,0.9,0.0,0.0,0.0,0.0,0.75,0.0,0.0,0.8,0.6
demo_user,12,2024-10-22,AMZN,0.0,0.9,0.0,0.0,0.0,0.0,0.0,0.0,0.0,0.6
demo_user,13,2024-10-22,META,0.0,0.9,0.0,0.0,0.0,0.75,0.0,0.0,0.8,0.6
demo_user,14,2024-10-22,META,0.9,0.0,0.0,0.0,0.0,0.9,0.0,0.0,0.8,0.6
demo_user,15,2024-10-22,META,0.9,0.0,0.0,0.0,0.0,0.0,0.0,0.85,0.0,0.0
demo_user,16,2024-10-22,META,0.9,0.0,0.0,0.0,0.0,0.0,0.0,0.85,0.0,0.0
demo_user,17,2024-10-22,MSFT,0.0,0.9,0.0,0.0,0.0,0.0,0.0,0.7,0.0,0.0
demo_user,18,2024-10-22,NVDA,0.9,0.0,0.0,0.0,0.0,0.75,0.75,0.0,0.0,0.0
demo_user,19,2024-10-22,NVDA,0.9,0.0,0.0,0.0,0.0,0.0,0.0,0.85,0.0,0.0
demo_user,20,2024-10-22,NVDA,0.0,0.9,0.0,0.0,0.0,0.0,0.0,0.85,0.0,0.6
demo_user,21,2024-10-23,AAPL,0.9,0.0,0.0,0.75,0.0,0.0,0.0,0.0,0.0,0.0
demo_user,22,2024-10-23,AAPL,0.9,0.0,0.0,0.0,0.0,0.0,0.0,0.85,0.0,0.0
demo_user,23,2024-10-23,META,0.9,0.0,0.0,0.0,0.0,0.0,0.0,0.7,0.0,0.6
demo_user,24,2024-10-25,META,0.0,0.9,0.0,0.0,0.0,0.0,0.0,0.0,0.0,0.6
demo_user,25,2024-10-25,MSFT,0.0,0.9,0.0,0.0,0.0,0.75,0.0,0.0,0.8,0.0
demo_user,26,2024-10-25,MSFT,0.0,0.9,0.0,0.0,0.0,0.9,0.0,0.0,0.8,0.6
demo_user,27,2024-10-29,AAPL,0.9,0.0,0.0,0.0,0.0,0.0,0.0,0.0,0.0,0.0
demo_user,28,2024-10-29,AAPL,0.9,0.0,0.0,0.0,0.0,0.0,0.0,0.85,0.0,0.0
demo_user,29,2024-10-30,AAPL,0.9,0.0,0.0,0.0,0.0,0.0,0.0,0.0,0.0,0.0
demo_user,30,2024-10-31,AMZN,0.0,0.9,0.0,0.0,0.0,0.0,0.0,0.0,0.0,0.0
demo_user,31,2024-10-31,AMZN,0.9,0.0,0.0,0.0,0.0,0.9,0.0,0.0,0.8,0.6
demo_user,32,2024-11-01,AMZN,0.9,0.0,0.0,0.0,0.0,0.0,0.0,0.0,0.0,0.6
demo_user,33,2024-11-01,META,0.9,0.0,0.0,0.0,0.0,0.0,0.0,0.7,0.0,0.0
demo_user,34,2024-11-01,META,0.9,0.0,0.0,0.75,0.0,0.0,0.75,0.85,0.0,0.0
demo_user,35,2024-11-01,MSFT,0.9,0.0,0.0,0.0,0.0,0.0,0.0,0.7,0.0,0.0
demo_user,36,2024-11-01,MSFT,0.9,0.0,0.0,0.0,0.0,0.0,0.0,0.85,0.0,0.0
demo_user,37,2024-11-01,NVDA,0.0,0.9,0.0,0.0,0.85,0.0,0.75,0.7,0.0,0.0
demo_user,38,2024-11-01,NVDA,0.9,0.0,0.0,0.0,0.0,0.9,0.0,0.0,0.8,0.6
demo_user,39,2024-11-11,META,0.9,0.0,0.0,0.75,0.0,0.0,0.0,0.0,0.0,0.0
demo_user,40,2024-11-11,META,0.9,0.0,0.0,0.0,0.0,0.0,0.0,0.85,0.0,0.6
demo_user,41,2024-11-15,AAPL,0.9,0.0,0.0,0.75,0.0,0.0,0.75,0.0,0.0,0.0
demo_user,42,2024-11-15,META,0.9,0.0,0.0,0.0,0.0,0.0,0.0,0.7,0.0,0.0
demo_user,43,2024-11-18,AAPL,0.9,0.0,0.0,0.75,0.0,0.0,0.0,0.0,0.0,0.6
demo_user,44,2024-11-18,MSFT,0.0,0.9,0.0,0.0,0.0,0.0,0.0,0.7,0.0,0.6
demo_user,45,2024-11-18,MSFT,0.0,0.9,0.0,0.0,0.0,0.9,0.0,0.0,0.0,0.0
demo_user,46,2024-11-18,NVDA,0.9,0.0,0.0,0.0,0.0,0.75,0.75,0.0,0.0,0.0
demo_user,47,2024-11-25,MSFT,0.9,0.0,0.0,0.0,0.0,0.0,0.0,0.0,0.0,0.6
demo_user,48,2024-11-25,MSFT,0.9,0.0,0.0,0.75,0.0,0.0,0.75,0.85,0.0,0.0
demo_user,49,2024-11-27,AAPL,0.9,0.0,0.0,0.0,0.0,0.0,0.0,0.0,0.0,0.6
demo_user,50,2024-12-05,AAPL,0.0,0.9,0.0,0.0,0.0,0.0,0.0,0.0,0.0,0.0
demo_user,51,2024-12-05,AAPL,0.9,0.0,0.0,0.0,0.0,0.9,0.0,0.0,0.8,0.0
demo_user,52,2024-12-06,AAPL,0.9,0.0,0.0,0.0,0.0,0.0,0.0,0.0,0.0,0.6
demo_user,53,2024-12-06,AMZN,0.0,0.9,0.0,0.0,0.0,0.0,0.0,0.7,0.0,0.0
demo_user,54,2024-12-06,META,0.9,0.0,0.0,0.0,0.0,0.75,0.0,0.0,0.8,0.6
demo_user,55,2024-12-06,META,0.9,0.0,0.0,0.75,0.0,0.0,0.75,0.85,0.0,0.0
demo_user,56,2024-12-06,NVDA,0.9,0.0,0.0,0.0,0.0,0.0,0.75,0.7,0.0,0.0
demo_user,57,2024-12-13,AAPL,0.0,0.9,0.0,0.0,0.0,0.0,0.0,0.0,0.0,0.6
demo_user,58,2024-12-17,AAPL,0.0,0.9,0.0,0.0,0.0,0.0,0.0,0.0,0.0,0.6
demo_user,59,2024-12-17,AAPL,0.0,0.9,0.0,0.0,0.0,0.9,0.0,0.0,0.8,0.6
demo_user,60,2024-12-17,AAPL,0.9,0.0,0.0,0.0,0.0,0.9,0.0,0.0,0.8,0.6
demo_user,61,2024-12-17,TSLA,0.0,0.9,0.0,0.0,0.0,0.0,0.0,0.7,0.0,0.6
demo_user,62,2024-12-17,TSLA,0.0,0.9,0.0,0.0,0.85,0.9,0.0,0.0,0.0,0.0
demo_user,63,2024-12-18,AAPL,0.9,0.0,0.0,0.0,0.0,0.0,0.0,0.0,0.0,0.6
demo_user,64,2024-12-18,META,0.9,0.0,0.0,0.75,0.0,0.0,0.0,0.7,0.0,0.0
demo_user,65,2024-12-18,MSFT,0.9,0.0,0.0,0.75,0.0,0.0,0.75,0.7,0.0,0.0
demo_user,66,2024-12-19,AMZN,0.9,0.0,0.0,0.0,0.0,0.0,0.0,0.0,0.0,0.6
demo_user,67,2024-12-19,META,0.9,0.0,0.0,0.75,0.0,0.0,0.75,0.7,0.0,0.0
demo_user,68,2024-12-19,MSFT,0.9,0.0,0.0,0.0,0.0,0.0,0.0,0.7,0.0,0.0
demo_user,69,2024-12-19,MSFT,0.9,0.0,0.0,0.0,0.0,0.0,0.0,0.85,0.0,0.0
demo_user,70,2024-12-19,MSFT,0.9,0.0,0.0,0.0,0.0,0.0,0.0,0.85,0.0,0.0
demo_user,71,2024-12-19,NVDA,0.9,0.0,0.0,0.75,0.0,0.0,0.75,0.7,0.0,0.0
demo_user,72,2024-12-19,TSLA,0.0,0.9,0.0,0.0,0.85,0.0,0.0,0.7,0.0,0.0
demo_user,73,2024-12-24,NVDA,0.9,0.0,0.0,0.0,0.0,0.0,0.0,0.0,0.0,0.0
demo_user,74,2024-12-31,NVDA,0.9,0.0,0.0,0.0,0.0,0.0,0.0,0.0,0.0,0.0
demo_user,75,2024-12-31,NVDA,0.0,0.9,0.0,0.0,0.85,0.0,0.75,0.85,0.0,0.0
demo_user,76,2024-12-31,NVDA,0.0,0.9,0.0,0.0,0.85,0.9,0.75,0.0,0.0,0.0
demo_user,77,2025-01-01,META,0.9,0.0,0.0,0.75,0.0,0.0,0.75,0.0,0.0,0.0
demo_user,78,2025-01-01,META,0.9,0.0,0.0,0.0,0.0,0.0,0.0,0.85,0.0,0.0
demo_user,79,2025-01-01,META,0.0,0.9,0.0,0.0,0.0,0.0,0.75,0.85,0.0,0.0
demo_user,80,2025-01-01,NVDA,0.0,0.9,0.0,0.0,0.0,0.75,0.0,0.0,0.0,0.0
demo_user,81,2025-01-02,NVDA,0.0,0.9,0.0,0.0,0.85,0.0,0.75,0.0,0.0,0.0
demo_user,82,2025-01-06,AAPL,0.9,0.0,0.0,0.0,0.0,0.0,0.0,0.0,0.0,0.0
demo_user,83,2025-01-06,META,0.0,0.9,0.0,0.0,0.0,0.0,0.0,0.7,0.0,0.0
demo_user,84,2025-01-06,MSFT,0.9,0.0,0.0,0.0,0.0,0.75,0.0,0.0,0.0,0.0
demo_user,85,2025-01-06,TSLA,0.0,0.9,0.0,0.0,0.85,0.0,0.0,0.7,0.0,0.0
demo_user,86,2025-01-09,MSFT,0.9,0.0,0.0,0.0,0.0,0.0,0.0,0.0,0.0,0.0
demo_user,87,2025-01-10,AAPL,0.9,0.0,0.0,0.0,0.0,0.0,0.0,0.0,0.0,0.6
demo_user,88,2025-01-10,META,0.0,0.9,0.0,0.0,0.85,0.0,0.75,0.7,0.0,0.0
demo_user,89,2025-01-10,NVDA,0.0,0.9,0.0,0.0,0.0,0.75,0.75,0.0,0.0,0.0
demo_user,90,2025-01-22,MSFT,0.9,0.0,0.0,0.0,0.0,0.0,0.0,0.0,0.0,0.0
demo_user,91,2025-01-27,TSLA,0.0,0.9,0.0,0.0,0.0,0.0,0.0,0.0,0.0,0.6
demo_user,92,2025-01-31,MSFT,0.9,0.0,0.0,0.75,0.0,0.0,0.75,0.0,0.0,0.0
demo_user,93,2025-02-04,AAPL,0.0,0.9,0.0,0.0,0.0,0.0,0.0,0.0,0.0,0.0
demo_user,94,2025-02-05,MSFT,0.0,0.9,0.0,0.0,0.0,0.0,0.0,0.0,0.0,0.0
demo_user,95,2025-02-05,MSFT,0.0,0.9,0.0,0.0,0.0,0.9,0.0,0.0,0.8,0.6
demo_user,96,2025-02-05,NVDA,0.0,0.9,0.0,0.0,0.0,0.75,0.75,0.0,0.0,0.0
demo_user,97,2025-02-05,TSLA,0.9,0.0,0.0,0.0,0.0,0.75,0.0,0.0,0.8,0.0
demo_user,98,2025-02-05,TSLA,0.9,0.0,0.0,0.0,0.0,0.0,0.0,0.85,0.0,0.6
demo_user,99,2025-02-05,TSLA,0.9,0.0,0.0,0.0,0.0,0.0,0.0,0.85,0.0,0.0
demo_user,100,2025-02-10,MSFT,0.9,0.0,0.0,0.75,0.0,0.0,0.0,0.0,0.0,0.6
demo_user,101,2025-02-10,MSFT,0.9,0.0,0.0,0.75,0.0,0.0,0.0,0.85,0.0,0.0
demo_user,102,2025-02-11,MSFT,0.0,0.9,0.0,0.0,0.0,0.0,0.0,0.0,0.0,0.6
demo_user,103,2025-02-17,AMZN,0.9,0.0,0.0,0.0,0.0,0.0,0.0,0.0,0.0,0.6
demo_user,104,2025-02-18,AMZN,0.9,0.0,0.0,0.0,0.0,0.0,0.0,0.0,0.0,0.0
demo_user,105,2025-02-18,META,0.9,0.0,0.0,0.0,0.0,0.0,0.0,0.7,0.0,0.0
demo_user,106,2025-02-18,NVDA,0.0,0.9,0.0,0.0,0.85,0.0,0.75,0.7,0.0,0.0
demo_user,107,2025-02-25,MSFT,0.0,0.9,0.0,0.0,0.85,0.0,0.0,0.0,0.0,0.6
demo_user,108,2025-02-26,META,0.0,0.9,0.0,0.0,0.0,0.0,0.0,0.0,0.0,0.6
demo_user,109,2025-03-10,MSFT,0.0,0.9,0.0,0.0,0.0,0.0,0.75,0.0,0.0,0.0
demo_user,110,2025-03-10,MSFT,0.9,0.0,0.0,0.0,0.0,0.9,0.0,0.0,0.8,0.6
demo_user,111,2025-03-10,MSFT,0.9,0.0,0.0,0.75,0.0,0.0,0.0,0.85,0.0,0.6
demo_user,112,2025-03-11,AMZN,0.9,0.0,0.0,0.0,0.0,0.0,0.0,0.0,0.0,0.0
demo_user,113,2025-03-12,AMZN,0.9,0.0,0.0,0.0,0.0,0.0,0.0,0.0,0.0,0.0
demo_user,114,2025-03-21,META,0.0,0.9,0.0,0.0,0.85,0.0,0.0,0.0,0.0,0.0
demo_user,115,2025-03-21,META,0.9,0.0,0.0,0.0,0.0,0.9,0.0,0.0,0.8,0.6
demo_user,116,2025-03-21,MSFT,0.9,0.0,0.0,0.0,0.0,0.0,0.0,0.7,0.0,0.0
demo_user,117,2025-03-21,MSFT,0.9,0.0,0.0,0.0,0.0,0.0,0.0,0.85,0.0,0.6
demo_user,118,2025-03-21,MSFT,0.9,0.0,0.0,0.75,0.0,0.0,0.0,0.85,0.0,0.0
demo_user,119,2025-03-21,MSFT,0.9,0.0,0.0,0.0,0.0,0.0,0.0,0.85,0.0,0.0
demo_user,120,2025-03-21,NVDA,0.0,0.9,0.0,0.0,0.0,0.0,0.0,0.7,0.0,0.6
demo_user,121,2025-03-21,TSLA,0.9,0.0,0.0,0.0,0.0,0.75,0.0,0.0,0.8,0.6
demo_user,122,2025-03-21,TSLA,0.9,0.0,0.0,0.0,0.0,0.0,0.0,0.85,0.0,0.6
demo_user,123,2025-03-25,MSFT,0.9,0.0,0.0,0.0,0.0,0.0,0.0,0.0,0.0,0.6
demo_user,124,2025-03-25,NVDA,0.0,0.9,0.0,0.0,0.85,0.0,0.75,0.7,0.0,0.0
demo_user,125,2025-03-27,AAPL,0.0,0.9,0.0,0.0,0.0,0.0,0.0,0.0,0.0,0.0
demo_user,126,2025-03-27,META,0.9,0.0,0.0,0.0,0.0,0.75,0.0,0.0,0.0,0.0
demo_user,127,2025-03-27,MSFT,0.9,0.0,0.0,0.0,0.0,0.0,0.0,0.7,0.0,0.6
demo_user,128,2025-03-27,MSFT,0.9,0.0,0.0,0.0,0.0,0.0,0.0,0.85,0.0,0.0
demo_user,129,2025-03-27,NVDA,0.9,0.0,0.0,0.0,0.0,0.0,0.0,0.7,0.0,0.6
demo_user,130,2025-03-27,TSLA,0.9,0.0,0.0,0.0,0.0,0.0,0.0,0.7,0.0,0.0
demo_user,131,2025-03-27,TSLA,0.0,0.9,0.0,0.0,0.0,0.0,0.0,0.85,0.0,0.0
demo_user,132,2025-03-27,TSLA,0.0,0.9,0.0,0.0,0.0,0.9,0.0,0.0,0.0,0.0
demo_user,133,2025-04-07,AAPL,0.0,0.9,0.0,0.0,0.85,0.0,0.75,0.0,0.0,0.0
demo_user,134,2025-04-07,AAPL,0.0,0.9,0.0,0.0,0.0,0.9,0.0,0.0,0.8,0.0
demo_user,135,2025-04-07,AAPL,0.0,0.9,0.0,0.0,0.0,0.9,0.0,0.0,0.0,0.0
demo_user,136,2025-04-07,AAPL,0.0,0.9,0.0,0.0,0.0,0.9,0.0,0.0,0.8,0.6
demo_user,137,2025-04-07,AAPL,0.0,0.9,0.0,0.0,0.0,0.9,0.0,0.0,0.8,0.6
demo_user,138,2025-04-07,AAPL,0.0,0.9,0.0,0.0,0.0,0.9,0.0,0.0,0.8,0.0
demo_user,139,2025-04-07,AAPL,0.9,0.0,0.0,0.0,0.0,0.9,0.0,0.0,0.8,0.6
demo_user,140,2025-04-08,AMZN,0.0,0.9,0.0,0.0,0.0,0.0,0.0,0.0,0.0,0.0
demo_user,141,2025-04-08,META,0.0,0.9,0.0,0.0,0.0,0.75,0.0,0.0,0.0,0.0
demo_user,142,2025-04-08,META,0.0,0.9,0.0,0.0,0.85,0.9,0.0,0.0,0.0,0.0
demo_user,143,2025-04-08,NVDA,0.0,0.9,0.0,0.0,0.0,0.75,0.0,0.0,0.8,0.0
demo_user,144,2025-04-08,NVDA,0.0,0.9,0.0,0.0,0.0,0.9,0.75,0.0,0.0,0.0
demo_user,145,2025-04-10,META,0.0,0.9,0.0,0.0,0.85,0.0,0.0,0.0,0.0,0.0
demo_user,146,2025-04-10,MSFT,0.9,0.0,0.0,0.0,0.0,0.75,0.0,0.0,0.8,0.6
demo_user,147,2025-04-10,MSFT,0.9,0.0,0.0,0.75,0.0,0.0,0.0,0.85,0.0,0.0
demo_user,148,2025-04-10,MSFT,0.9,0.0,0.0,0.0,0.0,0.0,0.0,0.85,0.0,0.0
demo_user,149,2025-04-11,TSLA,0.9,0.0,0.0,0.0,0.0,0.0,0.0,0.0,0.0,0.0
demo_user,150,2025-04-11,TSLA,0.9,0.0,0.0,0.75,0.0,0.0,0.0,0.85,0.0,0.0
demo_user,151,2025-04-15,META,0.0,0.9,0.0,0.0,0.0,0.0,0.0,0.0,0.0,0.0
demo_user,152,2025-04-15,TSLA,0.9,0.0,0.0,0.0,0.0,0.75,0.0,0.0,0.8,0.0
demo_user,153,2025-04-15,TSLA,0.9,0.0,0.0,0.0,0.0,0.0,0.0,0.85,0.0,0.6
demo_user,154,2025-04-16,AAPL,0.0,0.9,0.0,0.0,0.85,0.0,0.0,0.0,0.0,0.0
demo_user,155,2025-04-16,AAPL,0.0,0.9,0.0,0.0,0.0,0.9,0.0,0.0,0.8,0.0
demo_user,156,2025-04-16,NVDA,0.9,0.0,0.0,0.75,0.0,0.75,0.75,0.0,0.0,0.0
demo_user,157,2025-04-22,MSFT,0.9,0.0,0.0,0.0,0.0,0.0,0.0,0.0,0.0,0.0
demo_user,158,2025-04-22,TSLA,0.0,0.9,0.0,0.0,0.0,0.0,0.0,0.7,0.0,0.6
demo_user,159,2025-04-22,TSLA,0.0,0.9,0.0,0.0,0.0,0.9,0.0,0.0,0.8,0.6
demo_user,160,2025-04-23,AMZN,0.9,0.0,0.0,0.0,0.0,0.0,0.0,0.0,0.0,0.6
demo_user,161,2025-04-23,AMZN,0.9,0.0,0.0,0.0,0.0,0.0,0.0,0.85,0.0,0.6
demo_user,162,2025-04-29,AAPL,0.0,0.9,0.0,0.0,0.0,0.0,0.0,0.0,0.0,0.0
demo_user,163,2025-04-29,AAPL,0.0,0.9,0.0,0.0,0.0,0.9,0.0,0.0,0.8,0.0
demo_user,164,2025-04-29,AAPL,0.0,0.9,0.0,0.0,0.0,0.9,0.0,0.0,0.8,0.6
demo_user,165,2025-04-29,AMZN,0.9,0.0,0.0,0.0,0.0,0.75,0.0,0.0,0.8,0.0
demo_user,166,2025-04-29,AMZN,0.9,0.0,0.0,0.0,0.0,0.0,0.0,0.85,0.0,0.0
demo_user,167,2025-04-29,AMZN,0.0,0.9,0.0,0.0,0.0,0.0,0.0,0.85,0.0,0.0
demo_user,168,2025-04-29,NVDA,0.0,0.9,0.0,0.0,0.0,0.75,0.0,0.0,0.0,0.0
demo_user,169,2025-05-01,AMZN,0.0,0.9,0.0,0.0,0.0,0.0,0.0,0.0,0.0,0.0
demo_user,170,2025-05-02,MSFT,0.9,0.0,0.0,0.0,0.0,0.0,0.0,0.0,0.0,0.0
demo_user,171,2025-05-02,MSFT,0.9,0.0,0.0,0.0,0.0,0.0,0.0,0.85,0.0,0.0
demo_user,172,2025-05-02,NVDA,0.0,0.9,0.0,0.0,0.0,0.0,0.0,0.7,0.0,0.6
demo_user,173,2025-05-07,NVDA,0.9,0.0,0.0,0.75,0.0,0.0,0.75,0.0,0.0,0.0
demo_user,174,2025-05-07,TSLA,0.0,0.9,0.0,0.0,0.0,0.0,0.0,0.7,0.0,0.0
demo_user,175,2025-05-09,AMZN,0.9,0.0,0.0,0.0,0.0,0.0,0.0,0.0,0.0,0.6
demo_user,176,2025-05-13,MSFT,0.9,0.0,0.0,0.0,0.0,0.0,0.0,0.0,0.0,0.0
demo_user,177,2025-05-13,MSFT,0.9,0.0,0.0,0.0,0.0,0.0,0.0,0.85,0.0,0.0
demo_user,178,2025-05-13,NVDA,0.9,0.0,0.0,0.0,0.0,0.0,0.0,0.7,0.0,0.0
demo_user,179,2025-05-13,NVDA,0.0,0.9,0.0,0.0,0.0,0.0,0.0,0.85,0.0,0.6
demo_user,180,2025-05-13,NVDA,0.9,0.0,0.0,0.75,0.0,0.9,0.0,0.0,0.0,0.0
demo_user,181,2025-05-13,TSLA,0.0,0.9,0.0,0.0,0.0,0.0,0.0,0.7,0.0,0.0
demo_user,182,2025-05-16,AMZN,0.0,0.9,0.0,0.0,0.0,0.0,0.0,0.0,0.0,0.6
demo_user,183,2025-05-16,AMZN,0.0,0.9,0.0,0.0,0.0,0.9,0.0,0.0,0.8,0.6
demo_user,184,2025-05-16,NVDA,0.0,0.9,0.0,0.0,0.0,0.75,0.0,0.0,0.8,0.0
demo_user,185,2025-05-16,NVDA,0.9,0.0,0.0,0.0,0.0,0.9,0.0,0.0,0.8,0.6
demo_user,186,2025-05-16,NVDA,0.0,0.9,0.0,0.0,0.0,0.0,0.75,0.85,0.0,0.0
demo_user,187,2025-05-16,NVDA,0.0,0.9,0.0,0.0,0.0,0.9,0.0,0.0,0.8,0.6
demo_user,188,2025-05-16,NVDA,0.9,0.0,0.0,0.0,0.0,0.9,0.0,0.0,0.0,0.0
demo_user,189,2025-05-19,MSFT,0.9,0.0,0.0,0.0,0.0,0.0,0.0,0.0,0.0,0.6
demo_user,190,2025-05-19,MSFT,0.9,0.0,0.0,0.0,0.0,0.0,0.0,0.85,0.0,0.6
demo_user,191,2025-05-19,MSFT,0.0,0.9,0.0,0.0,0.0,0.0,0.0,0.85,0.0,0.6
demo_user,192,2025-05-19,NVDA,0.9,0.0,0.0,0.75,0.0,0.75,0.0,0.0,0.0,0.0
demo_user,193,2025-05-19,TSLA,0.9,0.0,0.0,0.0,0.0,0.0,0.0,0.7,0.0,0.0
demo_user,194,2025-05-23,AMZN,0.0,0.9,0.0,0.0,0.0,0.0,0.0,0.0,0.0,0.6
demo_user,195,2025-05-23,AMZN,0.0,0.9,0.0,0.0,0.0,0.9,0.0,0.0,0.8,0.0
demo_user,196,2025-05-26,AAPL,0.9,0.0,0.0,0.0,0.0,0.0,0.0,0.0,0.0,0.0
demo_user,197,2025-05-26,MSFT,0.0,0.9,0.0,0.0,0.85,0.0,0.0,0.7,0.0,0.0
demo_user,198,2025-05-26,MSFT,0.0,0.9,0.0,0.0,0.0,0.9,0.0,0.0,0.8,0.6
demo_user,199,2025-05-28,NVDA,0.9,0.0,0.0,0.0,0.0,0.0,0.0,0.0,0.0,0.6
demo_user,200,2025-05-28,NVDA,0.0,0.9,0.0,0.0,0.85,0.0,0.0,0.85,0.0,0.0
demo_user,201,2025-05-28,TSLA,0.9,0.0,0.0,0.0,0.0,0.75,0.0,0.0,0.8,0.0
demo_user,202,2025-05-30,AAPL,0.9,0.0,0.0,0.0,0.0,0.0,0.0,0.0,0.0,0.6
demo_user,203,2025-05-30,AAPL,0.9,0.0,0.0,0.0,0.0,0.0,0.0,0.85,0.0,0.0
demo_user,204,2025-05-30,AAPL,0.9,0.0,0.0,0.0,0.0,0.0,0.0,0.85,0.0,0.6
demo_user,205,2025-05-30,AAPL,0.9,0.0,0.0,0.0,0.0,0.0,0.0,0.85,0.0,0.0
demo_user,206,2025-05-30,AAPL,0.9,0.0,0.0,0.0,0.0,0.0,0.0,0.85,0.0,0.6
demo_user,207,2025-05-30,MSFT,0.0,0.9,0.0,0.0,0.0,0.0,0.0,0.7,0.0,0.0
demo_user,208,2025-05-30,MSFT,0.0,0.9,0.0,0.0,0.0,0.9,0.0,0.0,0.0,0.0
demo_user,209,2025-06-03,AMZN,0.9,0.0,0.0,0.0,0.0,0.0,0.0,0.0,0.0,0.6
demo_user,210,2025-06-03,AMZN,0.9,0.0,0.0,0.0,0.0,0.0,0.0,0.85,0.0,0.6
demo_user,211,2025-06-03,AMZN,0.9,0.0,0.0,0.0,0.0,0.0,0.0,0.85,0.0,0.6
demo_user,212,2025-06-03,AMZN,0.9,0.0,0.0,0.0,0.0,0.0,0.0,0.85,0.0,0.0
demo_user,213,2025-06-03,AMZN,0.9,0.0,0.0,0.0,0.0,0.0,0.0,0.85,0.0,0.0
demo_user,214,2025-06-03,META,0.9,0.0,0.0,0.0,0.0,0.0,0.0,0.7,0.0,0.0
demo_user,215,2025-06-03,META,0.9,0.0,0.0,0.0,0.0,0.0,0.0,0.85,0.0,0.0
demo_user,216,2025-06-03,META,0.9,0.0,0.0,0.0,0.0,0.0,0.0,0.85,0.0,0.6
demo_user,217,2025-06-03,META,0.9,0.0,0.0,0.0,0.0,0.0,0.0,0.85,0.0,0.6
demo_user,218,2025-06-03,META,0.9,0.0,0.0,0.75,0.0,0.0,0.75,0.85,0.0,0.0
demo_user,219,2025-06-03,META,0.0,0.9,0.0,0.0,0.0,0.0,0.0,0.85,0.0,0.6
demo_user,220,2025-06-03,META,0.9,0.0,0.0,0.75,0.0,0.9,0.75,0.0,0.0,0.0
demo_user,221,2025-06-03,NVDA,0.0,0.9,0.0,0.0,0.0,0.0,0.0,0.7,0.0,0.0
demo_user,222,2025-06-03,NVDA,0.9,0.0,0.0,0.0,0.0,0.9,0.0,0.0,0.8,0.6
demo_user,223,2025-06-03,NVDA,0.0,0.9,0.0,0.0,0.0,0.0,0.0,0.85,0.0,0.0
demo_user,224,2025-06-04,TSLA,0.9,0.0,0.0,0.0,0.0,0.0,0.0,0.0,0.0,0.0
demo_user,225,2025-06-05,AAPL,0.9,0.0,0.0,0.0,0.0,0.0,0.0,0.0,0.0,0.0
demo_user,226,2025-06-05,AAPL,0.9,0.0,0.0,0.0,0.0,0.0,0.0,0.85,0.0,0.6
demo_user,227,2025-06-06,NVDA,0.9,0.0,0.0,0.75,0.0,0.0,0.0,0.0,0.0,0.0
demo_user,228,2025-06-06,NVDA,0.9,0.0,0.0,0.75,0.0,0.0,0.75,0.85,0.0,0.0
demo_user,229,2025-06-06,NVDA,0.0,0.9,0.0,0.0,0.0,0.0,0.75,0.85,0.0,0.0
demo_user,230,2025-06-06,NVDA,0.9,0.0,0.0,0.0,0.0,0.9,0.0,0.0,0.8,0.6
demo_user,231,2025-06-06,NVDA,0.9,0.0,0.0,0.75,0.0,0.0,0.0,0.85,0.0,0.0
demo_user,232,2025-06-06,NVDA,0.9,0.0,0.0,0.0,0.0,0.0,0.75,0.85,0.0,0.0
demo_user,233,2025-06-06,NVDA,0.9,0.0,0.0,0.0,0.0,0.0,0.0,0.85,0.0,0.0
demo_user,234,2025-06-06,NVDA,0.9,0.0,0.0,0.0,0.0,0.0,0.0,0.85,0.0,0.0
demo_user,235,2025-06-13,AAPL,0.9,0.0,0.0,0.0,0.0,0.0,0.0,0.0,0.0,0.0
demo_user,236,2025-06-13,AAPL,0.9,0.0,0.0,0.0,0.0,0.0,0.0,0.85,0.0,0.0
demo_user,237,2025-06-13,AMZN,0.9,0.0,0.0,0.75,0.0,0.0,0.0,0.7,0.0,0.0
demo_user,238,2025-06-13,AMZN,0.9,0.0,0.0,0.75,0.0,0.0,0.0,0.85,0.0,0.6
demo_user,239,2025-06-13,AMZN,0.9,0.0,0.0,0.0,0.0,0.0,0.0,0.85,0.0,0.6
demo_user,240,2025-06-13,AMZN,0.0,0.9,0.0,0.0,0.0,0.0,0.0,0.85,0.0,0.0
demo_user,241,2025-06-13,MSFT,0.0,0.9,0.0,0.0,0.0,0.75,0.0,0.0,0.8,0.0
demo_user,242,2025-06-13,MSFT,0.0,0.9,0.0,0.0,0.0,0.9,0.0,0.0,0.8,0.6
demo_user,243,2025-06-13,TSLA,0.0,0.9,0.0,0.0,0.0,0.75,0.0,0.0,0.0,0.0
demo_user,244,2025-06-13,TSLA,0.0,0.9,0.0,0.0,0.85,0.9,0.0,0.0,0.0,0.0
demo_user,245,2025-06-16,MSFT,0.0,0.9,0.0,0.0,0.0,0.0,0.0,0.0,0.0,0.6
demo_user,246,2025-06-16,MSFT,0.0,0.9,0.0,0.0,0.85,0.9,0.0,0.0,0.0,0.0
demo_user,247,2025-06-18,NVDA,0.9,0.0,0.0,0.0,0.0,0.0,0.0,0.0,0.0,0.6
demo_user,248,2025-06-26,AMZN,0.9,0.0,0.0,0.0,0.0,0.0,0.0,0.0,0.0,0.0
demo_user,249,2025-06-27,META,0.9,0.0,0.0,0.0,0.0,0.0,0.0,0.0,0.0,0.6
demo_user,250,2025-06-27,NVDA,0.0,0.9,0.0,0.0,0.0,0.0,0.0,0.7,0.0,0.6
demo_user,251,2025-06-27,NVDA,0.0,0.9,0.0,0.0,0.0,0.9,0.0,0.0,0.0,0.0
demo_user,252,2025-06-27,NVDA,0.0,0.9,0.0,0.0,0.0,0.9,0.0,0.0,0.0,0.0
demo_user,253,2025-06-27,NVDA,0.0,0.9,0.0,0.0,0.0,0.9,0.0,0.0,0.8,0.6
demo_user,254,2025-06-27,NVDA,0.0,0.9,0.0,0.0,0.0,0.9,0.75,0.0,0.0,0.0
demo_user,255,2025-06-27,NVDA,0.0,0.9,0.0,0.0,0.85,0.9,0.75,0.0,0.0,0.0
demo_user,256,2025-06-27,NVDA,0.0,0.9,0.0,0.0,0.0,0.9,0.0,0.0,0.8,0.6
demo_user,257,2025-06-27,NVDA,0.0,0.9,0.0,0.0,0.85,0.9,0.0,0.0,0.0,0.0
demo_user,258,2025-06-27,NVDA,0.0,0.9,0.0,0.0,0.0,0.9,0.0,0.0,0.8,0.0
demo_user,259,2025-06-27,NVDA,0.0,0.9,0.0,0.0,0.85,0.9,0.75,0.0,0.0,0.0
demo_user,260,2025-06-27,TSLA,0.0,0.9,0.0,0.0,0.85,0.75,0.0,0.0,0.0,0.0
demo_user,261,2025-07-01,AAPL,0.9,0.0,0.0,0.0,0.0,0.0,0.0,0.0,0.0,0.6
demo_user,262,2025-07-01,META,0.9,0.0,0.0,0.0,0.0,0.0,0.0,0.7,0.0,0.0
demo_user,263,2025-07-01,NVDA,0.0,0.9,0.0,0.0,0.0,0.0,0.0,0.7,0.0,0.6
demo_user,264,2025-07-07,NVDA,0.9,0.0,0.0,0.0,0.0,0.0,0.0,0.0,0.0,0.0
demo_user,265,2025-07-09,AAPL,0.9,0.0,0.0,0.0,0.0,0.0,0.0,0.0,0.0,0.0
demo_user,266,2025-07-09,NVDA,0.9,0.0,0.0,0.0,0.0,0.0,0.0,0.7,0.0,0.0
demo_user,267,2025-07-09,TSLA,0.9,0.0,0.0,0.0,0.0,0.0,0.0,0.7,0.0,0.0
demo_user,268,2025-07-10,NVDA,0.9,0.0,0.0,0.0,0.0,0.0,0.0,0.0,0.0,0.6
demo_user,269,2025-07-10,NVDA,0.0,0.9,0.0,0.0,0.0,0.0,0.0,0.85,0.0,0.0
demo_user,270,2025-07-14,AAPL,0.9,0.0,0.0,0.0,0.0,0.0,0.0,0.0,0.0,0.6
demo_user,271,2025-07-14,AAPL,0.0,0.9,0.0,0.0,0.0,0.0,0.0,0.85,0.0,0.6
demo_user,272,2025-07-14,AAPL,0.0,0.9,0.0,0.0,0.0,0.9,0.0,0.0,0.8,0.0
demo_user,273,2025-07-14,MSFT,0.0,0.9,0.0,0.0,0.0,0.75,0.0,0.0,0.8,0.6
demo_user,274,2025-07-14,MSFT,0.0,0.9,0.0,0.0,0.0,0.9,0.0,0.0,0.8,0.6
demo_user,275,2025-07-15,AAPL,0.0,0.9,0.0,0.0,0.0,0.0,0.0,0.0,0.0,0.6
demo_user,276,2025-07-17,AMZN,0.9,0.0,0.0,0.75,0.0,0.0,0.0,0.0,0.0,0.6
demo_user,277,2025-07-17,NVDA,0.0,0.9,0.0,0.0,0.0,0.0,0.0,0.7,0.0,0.6
demo_user,278,2025-08-05,META,0.9,0.0,0.0,0.0,0.0,0.0,0.0,0.0,0.0,0.6
demo_user,279,2025-08-11,AMZN,0.9,0.0,0.0,0.0,0.0,0.0,0.0,0.0,0.0,0.6
demo_user,280,2025-08-11,AMZN,0.0,0.9,0.0,0.0,0.0,0.0,0.0,0.85,0.0,0.6
demo_user,281,2025-08-11,AMZN,0.0,0.9,0.0,0.0,0.0,0.9,0.0,0.0,0.8,0.6
demo_user,282,2025-08-11,AMZN,0.0,0.9,0.0,0.0,0.0,0.9,0.0,0.0,0.8,0.6
demo_user,283,2025-08-11,AMZN,0.0,0.9,0.0,0.0,0.0,0.9,0.0,0.0,0.8,0.0
demo_user,284,2025-08-11,AMZN,0.9,0.0,0.0,0.0,0.0,0.9,0.0,0.0,0.8,0.6
demo_user,285,2025-08-11,AMZN,0.9,0.0,0.0,0.0,0.0,0.0,0.0,0.85,0.0,0.6
demo_user,286,2025-08-11,META,0.9,0.0,0.0,0.0,0.0,0.0,0.0,0.7,0.0,0.0
demo_user,287,2025-08-11,META,0.9,0.0,0.0,0.75,0.0,0.0,0.0,0.85,0.0,0.0
demo_user,288,2025-08-11,META,0.9,0.0,0.0,0.0,0.0,0.0,0.0,0.85,0.0,0.6
demo_user,289,2025-08-11,META,0.0,0.9,0.0,0.0,0.0,0.0,0.75,0.85,0.0,0.0
demo_user,290,2025-08-11,MSFT,0.0,0.9,0.0,0.0,0.0,0.75,0.0,0.0,0.8,0.0
demo_user,291,2025-08-11,MSFT,0.9,0.0,0.0,0.0,0.0,0.9,0.0,0.0,0.8,0.6
demo_user,292,2025-08-11,MSFT,0.9,0.0,0.0,0.0,0.0,0.0,0.0,0.85,0.0,0.6
demo_user,293,2025-08-13,AAPL,0.0,0.9,0.0,0.0,0.0,0.0,0.0,0.0,0.0,0.6
demo_user,294,2025-08-13,AAPL,0.0,0.9,0.0,0.0,0.0,0.9,0.0,0.0,0.8,0.0
demo_user,295,2025-08-13,META,0.0,0.9,0.0,0.0,0.0,0.75,0.0,0.0,0.8,0.0
demo_user,296,2025-08-13,MSFT,0.9,0.0,0.0,0.0,0.0,0.75,0.75,0.0,0.0,0.0
demo_user,297,2025-08-13,MSFT,0.9,0.0,0.0,0.0,0.0,0.0,0.0,0.85,0.0,0.0
demo_user,298,2025-08-13,MSFT,0.0,0.9,0.0,0.0,0.0,0.0,0.0,0.85,0.0,0.0
demo_user,299,2025-08-13,NVDA,0.0,0.9,0.0,0.0,0.85,0.75,0.75,0.0,0.0,0.0
demo_user,300,2025-08-13,TSLA,0.0,0.9,0.0,0.0,0.0,0.75,0.0,0.0,0.8,0.6
demo_user,301,2025-08-14,AMZN,0.9,0.0,0.0,0.75,0.0,0.0,0.75,0.0,0.0,0.0
demo_user,302,2025-08-14,AMZN,0.0,0.9,0.0,0.0,0.0,0.0,0.0,0.85,0.0,0.0
demo_user,303,2025-08-14,AMZN,0.9,0.0,0.0,0.0,0.0,0.9,0.75,0.0,0.0,0.0
demo_user,304,2025-08-14,AMZN,0.9,0.0,0.0,0.0,0.0,0.0,0.0,0.85,0.0,0.6
demo_user,305,2025-08-27,AAPL,0.0,0.9,0.0,0.0,0.0,0.0,0.0,0.0,0.0,0.0
demo_user,306,2025-08-27,AAPL,0.0,0.9,0.0,0.0,0.85,0.9,0.75,0.0,0.0,0.0
demo_user,307,2025-08-29,AAPL,0.9,0.0,0.0,0.0,0.0,0.0,0.0,0.0,0.0,0.6
demo_user,308,2025-09-01,MSFT,0.0,0.9,0.0,0.0,0.0,0.0,0.0,0.0,0.0,0.0
demo_user,309,2025-09-01,MSFT,0.0,0.9,0.0,0.0,0.0,0.9,0.0,0.0,0.8,0.6
demo_user,310,2025-09-02,AMZN,0.9,0.0,0.0,0.0,0.0,0.0,0.0,0.0,0.0,0.6
demo_user,311,2025-09-10,AMZN,0.9,0.0,0.0,0.0,0.0,0.0,0.0,0.0,0.0,0.0
demo_user,312,2025-09-10,META,0.9,0.0,0.0,0.0,0.0,0.0,0.0,0.7,0.0,0.0
demo_user,313,2025-09-10,TSLA,0.0,0.9,0.0,0.0,0.0,0.0,0.0,0.7,0.0,0.6
demo_user,314,2025-09-10,TSLA,0.9,0.0,0.0,0.0,0.0,0.9,0.0,0.0,0.8,0.0
demo_user,315,2025-09-12,META,0.9,0.0,0.0,0.0,0.0,0.0,0.0,0.0,0.0,0.0
demo_user,316,2025-09-12,META,0.9,0.0,0.0,0.0,0.0,0.0,0.0,0.85,0.0,0.0
demo_user,317,2025-09-12,META,0.0,0.9,0.0,0.0,0.0,0.0,0.0,0.85,0.0,0.0
demo_user,318,2025-09-12,MSFT,0.0,0.9,0.0,0.0,0.0,0.75,0.0,0.0,0.0,0.0
demo_user,319,2025-09-12,MSFT,0.9,0.0,0.0,0.0,0.0,0.9,0.0,0.0,0.8,0.6
demo_user,320,2025-09-12,MSFT,0.0,0.9,0.0,0.0,0.0,0.0,0.0,0.85,0.0,0.0
demo_user,321,2025-09-16,AAPL,0.0,0.9,0.0,0.0,0.0,0.0,0.0,0.0,0.0,0.0
demo_user,322,2025-09-16,MSFT,0.9,0.0,0.0,0.0,0.0,0.75,0.0,0.0,0.8,0.6
demo_user,323,2025-09-16,MSFT,0.0,0.9,0.0,0.0,0.85,0.0,0.75,0.85,0.0,0.0
demo_user,324,2025-09-16,MSFT,0.0,0.9,0.0,0.0,0.85,0.9,0.0,0.0,0.8,0.6
demo_user,325,2025-09-19,MSFT,0.0,0.9,0.0,0.0,0.85,0.0,0.0,0.0,0.0,0.6
demo_user,326,2025-09-19,NVDA,0.0,0.9,0.0,0.0,0.85,0.75,0.75,0.0,0.0,0.0
